filename,PCC
test1.tif,0.761997677567
test2.tif,0.747813354545
test3.tif,0.720280286239
test4.tif,0.173308074235
test.tif,0.750684665618
